CREATE DATABASE  IF NOT EXISTS `ntu` /*!40100 DEFAULT CHARACTER SET utf8 */;
USE `ntu`;
-- MySQL dump 10.13  Distrib 5.7.9, for Win64 (x86_64)
--
-- Host: localhost    Database: ntu
-- ------------------------------------------------------
-- Server version	5.7.10-log

/*!40101 SET @OLD_CHARACTER_SET_CLIENT=@@CHARACTER_SET_CLIENT */;
/*!40101 SET @OLD_CHARACTER_SET_RESULTS=@@CHARACTER_SET_RESULTS */;
/*!40101 SET @OLD_COLLATION_CONNECTION=@@COLLATION_CONNECTION */;
/*!40101 SET NAMES utf8 */;
/*!40103 SET @OLD_TIME_ZONE=@@TIME_ZONE */;
/*!40103 SET TIME_ZONE='+00:00' */;
/*!40014 SET @OLD_UNIQUE_CHECKS=@@UNIQUE_CHECKS, UNIQUE_CHECKS=0 */;
/*!40014 SET @OLD_FOREIGN_KEY_CHECKS=@@FOREIGN_KEY_CHECKS, FOREIGN_KEY_CHECKS=0 */;
/*!40101 SET @OLD_SQL_MODE=@@SQL_MODE, SQL_MODE='NO_AUTO_VALUE_ON_ZERO' */;
/*!40111 SET @OLD_SQL_NOTES=@@SQL_NOTES, SQL_NOTES=0 */;

--
-- Table structure for table `cursus`
--

DROP TABLE IF EXISTS `cursus`;
/*!40101 SET @saved_cs_client     = @@character_set_client */;
/*!40101 SET character_set_client = utf8 */;
CREATE TABLE `cursus` (
  `cursus_id` int(11) NOT NULL,
  `functie` varchar(45) DEFAULT NULL,
  `cnaam` varchar(45) DEFAULT NULL,
  PRIMARY KEY (`cursus_id`)
) ENGINE=InnoDB DEFAULT CHARSET=utf8;
/*!40101 SET character_set_client = @saved_cs_client */;

--
-- Dumping data for table `cursus`
--

LOCK TABLES `cursus` WRITE;
/*!40000 ALTER TABLE `cursus` DISABLE KEYS */;
INSERT INTO `cursus` VALUES (1,'3','EHBO'),(2,'4','BHV'),(3,'5','XTC'),(4,'6','LSD'),(5,'7','MDMA'),(6,'8','4FA'),(7,'9','GHB'),(8,'1','KET'),(9,'2','SOS');
/*!40000 ALTER TABLE `cursus` ENABLE KEYS */;
UNLOCK TABLES;

--
-- Table structure for table `functie`
--

DROP TABLE IF EXISTS `functie`;
/*!40101 SET @saved_cs_client     = @@character_set_client */;
/*!40101 SET character_set_client = utf8 */;
CREATE TABLE `functie` (
  `functie` int(11) NOT NULL,
  `naam` varchar(45) DEFAULT NULL,
  PRIMARY KEY (`functie`)
) ENGINE=InnoDB DEFAULT CHARSET=utf8;
/*!40101 SET character_set_client = @saved_cs_client */;

--
-- Dumping data for table `functie`
--

LOCK TABLES `functie` WRITE;
/*!40000 ALTER TABLE `functie` DISABLE KEYS */;
INSERT INTO `functie` VALUES (1,'Medewerker'),(2,'Baas'),(3,'Tim'),(4,'Bin'),(5,'Bem'),(6,'Henk'),(7,'Hitler'),(8,'Koning'),(9,'Keizer');
/*!40000 ALTER TABLE `functie` ENABLE KEYS */;
UNLOCK TABLES;

--
-- Table structure for table `medewerker`
--

DROP TABLE IF EXISTS `medewerker`;
/*!40101 SET @saved_cs_client     = @@character_set_client */;
/*!40101 SET character_set_client = utf8 */;
CREATE TABLE `medewerker` (
  `medew_nr` int(11) DEFAULT NULL,
  `naam` varchar(50) DEFAULT NULL,
  `achternaam` varchar(50) DEFAULT NULL,
  `email` varchar(50) DEFAULT NULL,
  `woonplaats` varchar(50) DEFAULT NULL,
  `functie` varchar(1) DEFAULT NULL
) ENGINE=InnoDB DEFAULT CHARSET=utf8;
/*!40101 SET character_set_client = @saved_cs_client */;

--
-- Dumping data for table `medewerker`
--

LOCK TABLES `medewerker` WRITE;
/*!40000 ALTER TABLE `medewerker` DISABLE KEYS */;
INSERT INTO `medewerker` VALUES (1,'Norma','Phillips','nphillips0@barnesandnoble.com','Female','7'),(2,'Catherine','Crawford','ccrawford1@desdev.cn','Female','4'),(3,'Juan','Allen','jallen2@go.com','Male','5'),(4,'Linda','Morgan','lmorgan3@theatlantic.com','Female','7'),(5,'Gloria','Larson','glarson4@unicef.org','Female','8'),(6,'Cynthia','Wells','cwells5@mapquest.com','Female','9'),(7,'Rebecca','Watson','rwatson6@state.gov','Female','2'),(8,'Craig','Green','cgreen7@google.com.br','Male','1'),(9,'Raymond','Garrett','rgarrett8@examiner.com','Male','7'),(10,'Adam','Brown','abrown9@cam.ac.uk','Male','2'),(11,'Ruby','Reyes','rreyesa@google.com.br','Female','3'),(12,'Joyce','Matthews','jmatthewsb@storify.com','Female','8'),(13,'Diana','Nguyen','dnguyenc@skype.com','Female','5'),(14,'Patricia','Morrison','pmorrisond@gizmodo.com','Female','9'),(15,'Phyllis','Black','pblacke@google.es','Female','3'),(16,'Ernest','Freeman','efreemanf@cmu.edu','Male','1'),(17,'Russell','Walker','rwalkerg@comcast.net','Male','7'),(18,'Marie','Robertson','mrobertsonh@marriott.com','Female','4'),(19,'Robert','Murray','rmurrayi@shop-pro.jp','Male','4'),(20,'Diana','Hart','dhartj@domainmarket.com','Female','2'),(21,'Kimberly','Scott','kscottk@bandcamp.com','Female','3'),(22,'Philip','Jordan','pjordanl@tiny.cc','Male','1'),(23,'Howard','Oliver','holiverm@dedecms.com','Male','9'),(24,'Heather','Martin','hmartinn@google.nl','Female','4'),(25,'Shirley','Tucker','stuckero@godaddy.com','Female','7'),(26,'Charles','Brooks','cbrooksp@ovh.net','Male','4'),(27,'Roy','Ryan','rryanq@blogtalkradio.com','Male','4'),(28,'Diana','Jenkins','djenkinsr@simplemachines.org','Female','4'),(29,'Angela','Stephens','astephenss@nationalgeographic.com','Female','8'),(30,'Frank','Stone','fstonet@odnoklassniki.ru','Male','7'),(31,'Ernest','Lopez','elopezu@icio.us','Male','6'),(32,'Evelyn','Thomas','ethomasv@scientificamerican.com','Female','6'),(33,'Rebecca','Fuller','rfullerw@mlb.com','Female','8'),(34,'Evelyn','Gutierrez','egutierrezx@woothemes.com','Female','5'),(35,'Ernest','Johnston','ejohnstony@army.mil','Male','7'),(36,'Frank','Welch','fwelchz@umich.edu','Male','8'),(37,'Sarah','Myers','smyers10@house.gov','Female','9'),(38,'Robin','Cunningham','rcunningham11@harvard.edu','Female','8'),(39,'Aaron','Perkins','aperkins12@state.tx.us','Male','9'),(40,'Rachel','Hart','rhart13@foxnews.com','Female','8'),(41,'Brenda','Kim','bkim14@accuweather.com','Female','1'),(42,'Ruby','Chavez','rchavez15@usa.gov','Female','6'),(43,'Craig','Wallace','cwallace16@princeton.edu','Male','4'),(44,'Roy','Sims','rsims17@odnoklassniki.ru','Male','4'),(45,'Marilyn','Miller','mmiller18@tinypic.com','Female','3'),(46,'Benjamin','Day','bday19@nasa.gov','Male','3'),(47,'Matthew','Rivera','mrivera1a@whitehouse.gov','Male','5'),(48,'Daniel','Green','dgreen1b@pagesperso-orange.fr','Male','5'),(49,'Paula','Rodriguez','prodriguez1c@japanpost.jp','Female','3'),(50,'Stephen','Nguyen','snguyen1d@furl.net','Male','4'),(51,'Jean','Cook','jcook1e@ucla.edu','Female','9'),(52,'Doris','Fox','dfox1f@oakley.com','Female','6'),(53,'Gary','Thompson','gthompson1g@theglobeandmail.com','Male','2'),(54,'Antonio','Jones','ajones1h@cbslocal.com','Male','8'),(55,'Amanda','Vasquez','avasquez1i@nih.gov','Female','1'),(56,'Elizabeth','Mccoy','emccoy1j@rambler.ru','Female','7'),(57,'Bobby','Woods','bwoods1k@indiatimes.com','Male','2'),(58,'Laura','Pierce','lpierce1l@dagondesign.com','Female','7'),(59,'Karen','Phillips','kphillips1m@cyberchimps.com','Female','6'),(60,'Justin','Walker','jwalker1n@bloomberg.com','Male','4'),(61,'Ronald','Owens','rowens1o@com.com','Male','8'),(62,'Wanda','Snyder','wsnyder1p@tinyurl.com','Female','5'),(63,'Michael','Riley','mriley1q@ted.com','Male','5'),(64,'Annie','Morgan','amorgan1r@whitehouse.gov','Female','6'),(65,'Scott','Simpson','ssimpson1s@constantcontact.com','Male','2'),(66,'Deborah','Day','dday1t@statcounter.com','Female','2'),(67,'Johnny','Kim','jkim1u@ask.com','Male','2'),(68,'Ruth','Cruz','rcruz1v@illinois.edu','Female','9'),(69,'Carl','Fernandez','cfernandez1w@list-manage.com','Male','8'),(70,'Julie','Johnston','jjohnston1x@phoca.cz','Female','5'),(71,'Joe','Vasquez','jvasquez1y@usda.gov','Male','5'),(72,'Tammy','Butler','tbutler1z@ycombinator.com','Female','1'),(73,'Joseph','Howard','jhoward20@indiegogo.com','Male','2'),(74,'Judy','Garza','jgarza21@washingtonpost.com','Female','7'),(75,'Larry','Jones','ljones22@amazonaws.com','Male','1'),(76,'Ruth','Hansen','rhansen23@nsw.gov.au','Female','7'),(77,'Martin','Thomas','mthomas24@tumblr.com','Male','4'),(78,'Frank','Reyes','freyes25@domainmarket.com','Male','6'),(79,'Mark','Lee','mlee26@japanpost.jp','Male','3'),(80,'Donna','Richards','drichards27@stumbleupon.com','Female','1'),(81,'Wanda','Turner','wturner28@pbs.org','Female','8'),(82,'Sean','Cox','scox29@csmonitor.com','Male','3'),(83,'Jose','Franklin','jfranklin2a@desdev.cn','Male','3'),(84,'William','Bradley','wbradley2b@sohu.com','Male','5'),(85,'Craig','Carter','ccarter2c@howstuffworks.com','Male','6'),(86,'Joan','Brown','jbrown2d@newyorker.com','Female','9'),(87,'Bonnie','Taylor','btaylor2e@geocities.com','Female','3'),(88,'Victor','Dean','vdean2f@fotki.com','Male','9'),(89,'Billy','Butler','bbutler2g@bandcamp.com','Male','6'),(90,'Jimmy','Stevens','jstevens2h@scribd.com','Male','5'),(91,'Samuel','Matthews','smatthews2i@rediff.com','Male','2'),(92,'Helen','Fisher','hfisher2j@usnews.com','Female','9'),(93,'Roy','Roberts','rroberts2k@liveinternet.ru','Male','1'),(94,'Eugene','Gilbert','egilbert2l@shop-pro.jp','Male','4'),(95,'Amanda','Franklin','afranklin2m@sbwire.com','Female','5'),(96,'Jason','Hill','jhill2n@shop-pro.jp','Male','4'),(97,'Ralph','Carroll','rcarroll2o@flavors.me','Male','6'),(98,'Earl','Marshall','emarshall2p@1und1.de','Male','9'),(99,'Rachel','Harrison','rharrison2q@sina.com.cn','Female','6'),(100,'David','Gardner','dgardner2r@pinterest.com','Male','3'),(101,'Christopher','Ross','cross2s@list-manage.com','Male','7'),(102,'Susan','Shaw','sshaw2t@apple.com','Female','7'),(103,'Adam','Hunt','ahunt2u@hexun.com','Male','9'),(104,'Douglas','Rivera','drivera2v@51.la','Male','1'),(105,'Juan','Richardson','jrichardson2w@cnbc.com','Male','1'),(106,'Kathy','Mendoza','kmendoza2x@infoseek.co.jp','Female','5'),(107,'Carlos','Edwards','cedwards2y@abc.net.au','Male','8'),(108,'Samuel','Miller','smiller2z@sciencedirect.com','Male','6'),(109,'Shirley','Snyder','ssnyder30@nyu.edu','Female','1'),(110,'Norma','Hart','nhart31@cpanel.net','Female','3'),(111,'Teresa','Spencer','tspencer32@tinyurl.com','Female','9'),(112,'Sandra','Mendoza','smendoza33@soup.io','Female','9'),(113,'Mildred','Davis','mdavis34@wired.com','Female','4'),(114,'Louise','Peters','lpeters35@discuz.net','Female','7'),(115,'Joe','Ruiz','jruiz36@comsenz.com','Male','3'),(116,'Eric','Little','elittle37@gnu.org','Male','3'),(117,'Frances','Hudson','fhudson38@google.com.hk','Female','8'),(118,'Kenneth','Little','klittle39@narod.ru','Male','7'),(119,'Roger','Wood','rwood3a@loc.gov','Male','5'),(120,'Maria','Reynolds','mreynolds3b@wordpress.org','Female','8'),(121,'Lawrence','Ford','lford3c@a8.net','Male','7'),(122,'Maria','Fowler','mfowler3d@microsoft.com','Female','1'),(123,'Robin','Cox','rcox3e@tuttocitta.it','Female','9'),(124,'Phyllis','Medina','pmedina3f@unc.edu','Female','4'),(125,'Diane','Garza','dgarza3g@ifeng.com','Female','7'),(126,'Irene','Bowman','ibowman3h@themeforest.net','Female','2'),(127,'Virginia','Arnold','varnold3i@nps.gov','Female','6'),(128,'Lisa','Bowman','lbowman3j@si.edu','Female','1'),(129,'Angela','Williams','awilliams3k@google.de','Female','6'),(130,'Rebecca','Henderson','rhenderson3l@live.com','Female','9'),(131,'Louis','Tucker','ltucker3m@tinypic.com','Male','3'),(132,'Catherine','Freeman','cfreeman3n@hp.com','Female','2'),(133,'Jack','George','jgeorge3o@springer.com','Male','4'),(134,'Angela','Dean','adean3p@ibm.com','Female','7'),(135,'Patrick','Fisher','pfisher3q@paypal.com','Male','8'),(136,'Gary','Perkins','gperkins3r@mapquest.com','Male','7'),(137,'Dennis','Smith','dsmith3s@google.com.hk','Male','9'),(138,'Ronald','Bailey','rbailey3t@chronoengine.com','Male','5'),(139,'Amanda','Mccoy','amccoy3u@yahoo.co.jp','Female','2'),(140,'Frances','Clark','fclark3v@tumblr.com','Female','8'),(141,'Walter','Reed','wreed3w@smh.com.au','Male','5'),(142,'Amanda','Sullivan','asullivan3x@furl.net','Female','2'),(143,'Lori','Hamilton','lhamilton3y@slashdot.org','Female','4'),(144,'Gloria','Black','gblack3z@smh.com.au','Female','7'),(145,'Brandon','Campbell','bcampbell40@de.vu','Male','8'),(146,'Irene','Arnold','iarnold41@sakura.ne.jp','Female','8'),(147,'Virginia','Meyer','vmeyer42@reuters.com','Female','9'),(148,'Philip','Ward','pward43@typepad.com','Male','2'),(149,'Larry','Johnston','ljohnston44@bloomberg.com','Male','8'),(150,'William','Crawford','wcrawford45@vimeo.com','Male','8'),(151,'Earl','Gordon','egordon46@dropbox.com','Male','8'),(152,'Wayne','Lynch','wlynch47@twitpic.com','Male','6'),(153,'Peter','Ward','pward48@europa.eu','Male','9'),(154,'Elizabeth','Montgomery','emontgomery49@webnode.com','Female','9'),(155,'Phillip','Phillips','pphillips4a@ucla.edu','Male','1'),(156,'Juan','Powell','jpowell4b@istockphoto.com','Male','8'),(157,'Diana','Carr','dcarr4c@prnewswire.com','Female','6'),(158,'Kathleen','Tucker','ktucker4d@printfriendly.com','Female','6'),(159,'Victor','Lopez','vlopez4e@desdev.cn','Male','4'),(160,'Rose','Taylor','rtaylor4f@pinterest.com','Female','7'),(161,'Peter','Hunt','phunt4g@skype.com','Male','6'),(162,'Amanda','Edwards','aedwards4h@tinyurl.com','Female','3'),(163,'Elizabeth','Richards','erichards4i@alibaba.com','Female','3'),(164,'Christina','Reyes','creyes4j@tuttocitta.it','Female','6'),(165,'Eugene','Morrison','emorrison4k@1688.com','Male','6'),(166,'Rachel','Carter','rcarter4l@wired.com','Female','8'),(167,'Jerry','Martin','jmartin4m@drupal.org','Male','9'),(168,'James','Martinez','jmartinez4n@skype.com','Male','9'),(169,'Donna','Fowler','dfowler4o@naver.com','Female','9'),(170,'Jimmy','Hansen','jhansen4p@miitbeian.gov.cn','Male','5'),(171,'Gloria','Crawford','gcrawford4q@amazon.co.uk','Female','9'),(172,'Mildred','Freeman','mfreeman4r@arizona.edu','Female','8'),(173,'Norma','Wallace','nwallace4s@zdnet.com','Female','2'),(174,'Betty','Harvey','bharvey4t@narod.ru','Female','8'),(175,'Lillian','Lane','llane4u@toplist.cz','Female','3'),(176,'Carolyn','Cooper','ccooper4v@timesonline.co.uk','Female','5'),(177,'Barbara','Barnes','bbarnes4w@1688.com','Female','4'),(178,'William','Green','wgreen4x@devhub.com','Male','1'),(179,'Louise','Freeman','lfreeman4y@vinaora.com','Female','2'),(180,'Gerald','Burton','gburton4z@squidoo.com','Male','1'),(181,'Sarah','Grant','sgrant50@barnesandnoble.com','Female','1'),(182,'Clarence','Jordan','cjordan51@europa.eu','Male','9'),(183,'Alan','Henderson','ahenderson52@cpanel.net','Male','1'),(184,'Susan','Wells','swells53@amazon.de','Female','7'),(185,'Anne','Butler','abutler54@pcworld.com','Female','2'),(186,'Larry','Frazier','lfrazier55@sun.com','Male','3'),(187,'Tina','Sullivan','tsullivan56@xinhuanet.com','Female','2'),(188,'Jeffrey','Bailey','jbailey57@bbb.org','Male','2'),(189,'Lawrence','Rose','lrose58@ucoz.ru','Male','7'),(190,'Shawn','Cooper','scooper59@google.com','Male','3'),(191,'Richard','Gilbert','rgilbert5a@salon.com','Male','8'),(192,'Ronald','Dean','rdean5b@who.int','Male','8'),(193,'Justin','Richards','jrichards5c@comsenz.com','Male','7'),(194,'Sandra','Mills','smills5d@columbia.edu','Female','3'),(195,'Shirley','Banks','sbanks5e@umn.edu','Female','2'),(196,'Heather','Henderson','hhenderson5f@eventbrite.com','Female','3'),(197,'Jose','Ramos','jramos5g@nytimes.com','Male','4'),(198,'Joyce','Grant','jgrant5h@reverbnation.com','Female','5'),(199,'Janet','Dixon','jdixon5i@hibu.com','Female','4'),(200,'Lawrence','Nguyen','lnguyen5j@prweb.com','Male','9'),(201,'Gary','Peterson','gpeterson5k@ebay.co.uk','Male','8'),(202,'Carl','Jordan','cjordan5l@cbsnews.com','Male','9'),(203,'Donna','Hamilton','dhamilton5m@sina.com.cn','Female','1'),(204,'Helen','Boyd','hboyd5n@wikipedia.org','Female','7'),(205,'Nancy','Hill','nhill5o@nps.gov','Female','1'),(206,'Sarah','Alexander','salexander5p@tuttocitta.it','Female','8'),(207,'Ruby','Carroll','rcarroll5q@cisco.com','Female','3'),(208,'Bobby','Crawford','bcrawford5r@domainmarket.com','Male','4'),(209,'Samuel','Wagner','swagner5s@wordpress.com','Male','1'),(210,'Janice','Howard','jhoward5t@amazonaws.com','Female','5'),(211,'Albert','Fisher','afisher5u@dailymail.co.uk','Male','6'),(212,'Bonnie','Ruiz','bruiz5v@cbslocal.com','Female','9'),(213,'John','Dunn','jdunn5w@mail.ru','Male','8'),(214,'Johnny','Bowman','jbowman5x@mashable.com','Male','9'),(215,'Timothy','Johnston','tjohnston5y@smh.com.au','Male','7'),(216,'Jessica','Jackson','jjackson5z@feedburner.com','Female','9'),(217,'Joan','Roberts','jroberts60@telegraph.co.uk','Female','6'),(218,'Scott','Lynch','slynch61@hexun.com','Male','1'),(219,'Gloria','Welch','gwelch62@quantcast.com','Female','9'),(220,'Angela','Howard','ahoward63@ovh.net','Female','1'),(221,'Randy','Hudson','rhudson64@ibm.com','Male','1'),(222,'Jennifer','Lee','jlee65@posterous.com','Female','6'),(223,'Eugene','Greene','egreene66@xrea.com','Male','4'),(224,'Sarah','Moreno','smoreno67@forbes.com','Female','5'),(225,'Juan','Foster','jfoster68@cdbaby.com','Male','5'),(226,'Ralph','Stewart','rstewart69@hao123.com','Male','9'),(227,'Richard','Arnold','rarnold6a@free.fr','Male','5'),(228,'Daniel','Clark','dclark6b@etsy.com','Male','3'),(229,'Katherine','Watson','kwatson6c@adobe.com','Female','1'),(230,'Cynthia','Rodriguez','crodriguez6d@jugem.jp','Female','7'),(231,'Julie','Wallace','jwallace6e@sphinn.com','Female','6'),(232,'Eugene','Griffin','egriffin6f@yelp.com','Male','3'),(233,'Harold','Ruiz','hruiz6g@google.cn','Male','3'),(234,'Kathy','Cox','kcox6h@usatoday.com','Female','4'),(235,'Linda','Morrison','lmorrison6i@csmonitor.com','Female','7'),(236,'Denise','Carter','dcarter6j@auda.org.au','Female','6'),(237,'Bruce','Ryan','bryan6k@google.com.hk','Male','4'),(238,'Theresa','Oliver','toliver6l@newyorker.com','Female','3'),(239,'Lori','Ellis','lellis6m@zdnet.com','Female','7'),(240,'Phillip','Clark','pclark6n@wordpress.com','Male','8'),(241,'Carolyn','Fernandez','cfernandez6o@latimes.com','Female','4'),(242,'Susan','Watson','swatson6p@mapquest.com','Female','3'),(243,'Shirley','Clark','sclark6q@uiuc.edu','Female','1'),(244,'Sharon','Boyd','sboyd6r@nationalgeographic.com','Female','9'),(245,'Paula','Collins','pcollins6s@va.gov','Female','3'),(246,'Joseph','Flores','jflores6t@seattletimes.com','Male','9'),(247,'Theresa','Turner','tturner6u@xing.com','Female','1'),(248,'Adam','Hunter','ahunter6v@upenn.edu','Male','1'),(249,'Amy','Warren','awarren6w@deviantart.com','Female','3'),(250,'Wayne','Dixon','wdixon6x@homestead.com','Male','7'),(251,'Harry','Andrews','handrews6y@google.de','Male','6'),(252,'Carolyn','Castillo','ccastillo6z@sitemeter.com','Female','4'),(253,'William','Gutierrez','wgutierrez70@1und1.de','Male','5'),(254,'Doris','Peters','dpeters71@hibu.com','Female','6'),(255,'Raymond','Rose','rrose72@google.ru','Male','3'),(256,'Kathy','Ross','kross73@themeforest.net','Female','4'),(257,'Timothy','Alvarez','talvarez74@yellowpages.com','Male','6'),(258,'Carlos','White','cwhite75@state.gov','Male','6'),(259,'Aaron','Coleman','acoleman76@tinyurl.com','Male','3'),(260,'Steve','Cook','scook77@virginia.edu','Male','1'),(261,'Craig','Brooks','cbrooks78@twitpic.com','Male','9'),(262,'Eugene','Gonzalez','egonzalez79@sun.com','Male','9'),(263,'Andrea','Harris','aharris7a@google.com.hk','Female','2'),(264,'Peter','Palmer','ppalmer7b@mayoclinic.com','Male','5'),(265,'Laura','Bradley','lbradley7c@dagondesign.com','Female','3'),(266,'Joe','Bailey','jbailey7d@friendfeed.com','Male','5'),(267,'Kelly','Torres','ktorres7e@usda.gov','Female','6'),(268,'Russell','Cruz','rcruz7f@list-manage.com','Male','3'),(269,'Jesse','Porter','jporter7g@si.edu','Male','9'),(270,'Carl','Porter','cporter7h@wsj.com','Male','3'),(271,'Denise','Vasquez','dvasquez7i@storify.com','Female','7'),(272,'Phillip','Perry','pperry7j@google.es','Male','6'),(273,'Louis','Miller','lmiller7k@nifty.com','Male','3'),(274,'Judith','Lane','jlane7l@house.gov','Female','8'),(275,'Adam','Gordon','agordon7m@engadget.com','Male','4'),(276,'Diana','Jackson','djackson7n@webeden.co.uk','Female','9'),(277,'Shirley','Baker','sbaker7o@google.ca','Female','8'),(278,'Martin','Ruiz','mruiz7p@unblog.fr','Male','4'),(279,'Earl','Holmes','eholmes7q@freewebs.com','Male','5'),(280,'Kathy','Reed','kreed7r@newyorker.com','Female','6'),(281,'Stephanie','Stanley','sstanley7s@google.de','Female','5'),(282,'Carlos','Anderson','canderson7t@washington.edu','Male','2'),(283,'Carolyn','Bryant','cbryant7u@noaa.gov','Female','7'),(284,'Raymond','Snyder','rsnyder7v@jimdo.com','Male','8'),(285,'Eugene','Davis','edavis7w@hostgator.com','Male','8'),(286,'Pamela','Larson','plarson7x@so-net.ne.jp','Female','3'),(287,'Jennifer','Murray','jmurray7y@soup.io','Female','5'),(288,'Annie','Perkins','aperkins7z@nbcnews.com','Female','9'),(289,'Christopher','Rogers','crogers80@accuweather.com','Male','7'),(290,'Jessica','Harvey','jharvey81@who.int','Female','6'),(291,'Lois','Brown','lbrown82@dailymail.co.uk','Female','8'),(292,'Kathy','Webb','kwebb83@addtoany.com','Female','4'),(293,'Evelyn','Andrews','eandrews84@google.es','Female','5'),(294,'Nicholas','Hughes','nhughes85@vimeo.com','Male','8'),(295,'Nicole','Perez','nperez86@craigslist.org','Female','5'),(296,'Diana','Mitchell','dmitchell87@symantec.com','Female','9'),(297,'Ronald','Jenkins','rjenkins88@discuz.net','Male','3'),(298,'Timothy','Richardson','trichardson89@tuttocitta.it','Male','6'),(299,'Terry','Peters','tpeters8a@howstuffworks.com','Male','5'),(300,'Clarence','Shaw','cshaw8b@java.com','Male','1'),(301,'Ruth','Moreno','rmoreno8c@engadget.com','Female','6'),(302,'Dennis','Perez','dperez8d@webeden.co.uk','Male','1'),(303,'Roger','Stevens','rstevens8e@blogtalkradio.com','Male','7'),(304,'Susan','Reid','sreid8f@squidoo.com','Female','9'),(305,'Cynthia','Rogers','crogers8g@independent.co.uk','Female','7'),(306,'Jacqueline','James','jjames8h@privacy.gov.au','Female','4'),(307,'Doris','Lopez','dlopez8i@domainmarket.com','Female','1'),(308,'Rachel','Brooks','rbrooks8j@youtube.com','Female','3'),(309,'Randy','Montgomery','rmontgomery8k@ebay.co.uk','Male','7'),(310,'Douglas','Bailey','dbailey8l@ebay.co.uk','Male','7'),(311,'Ann','Hudson','ahudson8m@state.tx.us','Female','8'),(312,'Norma','Andrews','nandrews8n@tinypic.com','Female','7'),(313,'Philip','Johnson','pjohnson8o@nydailynews.com','Male','6'),(314,'Russell','Walker','rwalker8p@dailymail.co.uk','Male','1'),(315,'Jason','Cox','jcox8q@nyu.edu','Male','4'),(316,'Sean','Fields','sfields8r@wikia.com','Male','3'),(317,'Dennis','Duncan','dduncan8s@chronoengine.com','Male','4'),(318,'Tina','Cox','tcox8t@wp.com','Female','1'),(319,'Juan','Gutierrez','jgutierrez8u@bizjournals.com','Male','4'),(320,'Donald','Ramirez','dramirez8v@spiegel.de','Male','9'),(321,'Ronald','Hunter','rhunter8w@ebay.co.uk','Male','2'),(322,'Lois','Howell','lhowell8x@theglobeandmail.com','Female','7'),(323,'Sara','Jones','sjones8y@npr.org','Female','7'),(324,'Shirley','Turner','sturner8z@plala.or.jp','Female','9'),(325,'Gary','Myers','gmyers90@reddit.com','Male','2'),(326,'Russell','Dean','rdean91@facebook.com','Male','7'),(327,'Frank','Shaw','fshaw92@google.com.hk','Male','9'),(328,'Patrick','Lawrence','plawrence93@earthlink.net','Male','5'),(329,'Wanda','Torres','wtorres94@apple.com','Female','4'),(330,'Justin','Berry','jberry95@tmall.com','Male','5'),(331,'Nicholas','Bishop','nbishop96@nba.com','Male','1'),(332,'Christopher','Graham','cgraham97@ameblo.jp','Male','6'),(333,'Kathleen','Adams','kadams98@senate.gov','Female','4'),(334,'Michelle','Gordon','mgordon99@nifty.com','Female','7'),(335,'Dennis','Ramirez','dramirez9a@ft.com','Male','4'),(336,'Walter','Howell','whowell9b@engadget.com','Male','4'),(337,'Amanda','White','awhite9c@wordpress.org','Female','6'),(338,'Karen','Price','kprice9d@unblog.fr','Female','8'),(339,'Katherine','Anderson','kanderson9e@sun.com','Female','9'),(340,'Laura','Elliott','lelliott9f@istockphoto.com','Female','6'),(341,'Annie','Gilbert','agilbert9g@geocities.com','Female','4'),(342,'Albert','Morris','amorris9h@istockphoto.com','Male','8'),(343,'Larry','Wallace','lwallace9i@furl.net','Male','3'),(344,'Catherine','Lane','clane9j@cnn.com','Female','6'),(345,'Kelly','Scott','kscott9k@cpanel.net','Female','4'),(346,'Deborah','Ross','dross9l@ask.com','Female','7'),(347,'Janice','Matthews','jmatthews9m@technorati.com','Female','9'),(348,'Virginia','Sanders','vsanders9n@spiegel.de','Female','4'),(349,'Maria','Mendoza','mmendoza9o@mysql.com','Female','9'),(350,'Brenda','Morrison','bmorrison9p@domainmarket.com','Female','2'),(351,'Joseph','Morris','jmorris9q@nature.com','Male','3'),(352,'Doris','Coleman','dcoleman9r@netvibes.com','Female','7'),(353,'Diana','Moore','dmoore9s@merriam-webster.com','Female','4'),(354,'Paul','Bailey','pbailey9t@unesco.org','Male','7'),(355,'Antonio','Greene','agreene9u@xinhuanet.com','Male','6'),(356,'Edward','Baker','ebaker9v@earthlink.net','Male','2'),(357,'Roy','Sanders','rsanders9w@state.gov','Male','2'),(358,'Sarah','Ortiz','sortiz9x@squidoo.com','Female','8'),(359,'Jerry','Cunningham','jcunningham9y@google.co.uk','Male','2'),(360,'Lillian','Collins','lcollins9z@zdnet.com','Female','5'),(361,'Beverly','Chavez','bchaveza0@webs.com','Female','2'),(362,'Carlos','Harper','charpera1@yelp.com','Male','1'),(363,'Catherine','Baker','cbakera2@ustream.tv','Female','8'),(364,'Edward','Coleman','ecolemana3@scribd.com','Male','9'),(365,'Lawrence','Hayes','lhayesa4@delicious.com','Male','7'),(366,'Richard','Peters','rpetersa5@ox.ac.uk','Male','9'),(367,'Joyce','Daniels','jdanielsa6@marriott.com','Female','8'),(368,'Carol','Gutierrez','cgutierreza7@usnews.com','Female','2'),(369,'Juan','Jackson','jjacksona8@blogtalkradio.com','Male','9'),(370,'Doris','Rivera','driveraa9@hp.com','Female','1'),(371,'Debra','Stephens','dstephensaa@yellowpages.com','Female','9'),(372,'Terry','Roberts','trobertsab@github.io','Male','2'),(373,'Jonathan','Jones','jjonesac@google.co.uk','Male','7'),(374,'Frank','Smith','fsmithad@who.int','Male','1'),(375,'Harry','Carr','hcarrae@cdbaby.com','Male','9'),(376,'Howard','Foster','hfosteraf@yahoo.com','Male','8'),(377,'Virginia','Walker','vwalkerag@over-blog.com','Female','3'),(378,'Terry','Stevens','tstevensah@amazon.co.jp','Male','2'),(379,'Kelly','Wilson','kwilsonai@webeden.co.uk','Female','8'),(380,'Margaret','Gibson','mgibsonaj@cbc.ca','Female','9'),(381,'Edward','Welch','ewelchak@microsoft.com','Male','5'),(382,'Rachel','Patterson','rpattersonal@prweb.com','Female','6'),(383,'Diane','Morgan','dmorganam@barnesandnoble.com','Female','7'),(384,'Dorothy','Reynolds','dreynoldsan@topsy.com','Female','3'),(385,'Sarah','Carroll','scarrollao@exblog.jp','Female','5'),(386,'George','Willis','gwillisap@webnode.com','Male','8'),(387,'Cheryl','Mason','cmasonaq@youku.com','Female','3'),(388,'Stephanie','Young','syoungar@google.nl','Female','2'),(389,'Frank','Smith','fsmithas@arstechnica.com','Male','1'),(390,'Dennis','James','djamesat@hp.com','Male','4'),(391,'Sandra','Williams','swilliamsau@godaddy.com','Female','5'),(392,'Cynthia','Jones','cjonesav@sbwire.com','Female','9'),(393,'Kathleen','Willis','kwillisaw@indiegogo.com','Female','5'),(394,'Kathleen','Edwards','kedwardsax@uol.com.br','Female','4'),(395,'Jessica','Tucker','jtuckeray@deviantart.com','Female','7'),(396,'Janice','Bennett','jbennettaz@exblog.jp','Female','2'),(397,'Mildred','Gordon','mgordonb0@storify.com','Female','3'),(398,'Todd','Long','tlongb1@upenn.edu','Male','8'),(399,'Teresa','Carpenter','tcarpenterb2@guardian.co.uk','Female','6'),(400,'Benjamin','Perez','bperezb3@jigsy.com','Male','6'),(401,'Kenneth','Nelson','knelsonb4@t-online.de','Male','9'),(402,'Frank','Rivera','friverab5@google.it','Male','4'),(403,'Lori','Roberts','lrobertsb6@sogou.com','Female','9'),(404,'Antonio','Carroll','acarrollb7@miitbeian.gov.cn','Male','9'),(405,'Carl','Schmidt','cschmidtb8@uiuc.edu','Male','9'),(406,'Antonio','Duncan','aduncanb9@marriott.com','Male','9'),(407,'Peter','Johnson','pjohnsonba@apple.com','Male','8'),(408,'Joyce','Morris','jmorrisbb@vimeo.com','Female','9'),(409,'Walter','Dixon','wdixonbc@altervista.org','Male','1'),(410,'Emily','George','egeorgebd@aol.com','Female','5'),(411,'Lois','Mcdonald','lmcdonaldbe@fema.gov','Female','4'),(412,'Lisa','Bell','lbellbf@histats.com','Female','9'),(413,'Billy','Garza','bgarzabg@ow.ly','Male','7'),(414,'Juan','Henry','jhenrybh@qq.com','Male','5'),(415,'Raymond','Williamson','rwilliamsonbi@simplemachines.org','Male','4'),(416,'Tammy','Turner','tturnerbj@wp.com','Female','1'),(417,'Ruth','Stanley','rstanleybk@pinterest.com','Female','3'),(418,'Dennis','Howard','dhowardbl@home.pl','Male','1'),(419,'Denise','Reed','dreedbm@mapy.cz','Female','1'),(420,'Brenda','Hart','bhartbn@edublogs.org','Female','7'),(421,'Howard','Johnson','hjohnsonbo@feedburner.com','Male','6'),(422,'Joseph','Wood','jwoodbp@slate.com','Male','3'),(423,'Mildred','Garcia','mgarciabq@spiegel.de','Female','8'),(424,'Jonathan','Schmidt','jschmidtbr@storify.com','Male','9'),(425,'Eugene','Mendoza','emendozabs@pen.io','Male','3'),(426,'Wanda','Butler','wbutlerbt@mediafire.com','Female','2'),(427,'Ashley','Ramirez','aramirezbu@rakuten.co.jp','Female','2'),(428,'Karen','Rice','kricebv@sakura.ne.jp','Female','1'),(429,'Stephanie','Rivera','sriverabw@sciencedirect.com','Female','2'),(430,'Sharon','Gray','sgraybx@bloglines.com','Female','9'),(431,'Peter','Stevens','pstevensby@technorati.com','Male','2'),(432,'Arthur','Cole','acolebz@arstechnica.com','Male','8'),(433,'Louis','White','lwhitec0@utexas.edu','Male','3'),(434,'Craig','Ramos','cramosc1@columbia.edu','Male','5'),(435,'Amanda','Bennett','abennettc2@springer.com','Female','8'),(436,'Albert','Kennedy','akennedyc3@digg.com','Male','6'),(437,'Mildred','Stone','mstonec4@wordpress.org','Female','2'),(438,'Benjamin','Johnson','bjohnsonc5@sohu.com','Male','8'),(439,'Bobby','Burns','bburnsc6@utexas.edu','Male','2'),(440,'Ernest','Gray','egrayc7@miibeian.gov.cn','Male','2'),(441,'Lisa','Wagner','lwagnerc8@360.cn','Female','2'),(442,'Jack','Kennedy','jkennedyc9@nbcnews.com','Male','7'),(443,'Denise','Peters','dpetersca@biblegateway.com','Female','9'),(444,'Chris','Romero','cromerocb@webs.com','Male','4'),(445,'Nicole','Rivera','nriveracc@omniture.com','Female','1'),(446,'Alan','Diaz','adiazcd@alexa.com','Male','1'),(447,'Pamela','Richards','prichardsce@so-net.ne.jp','Female','2'),(448,'Joseph','Cox','jcoxcf@constantcontact.com','Male','6'),(449,'Sean','Larson','slarsoncg@skyrock.com','Male','9'),(450,'Joe','Lane','jlanech@sourceforge.net','Male','5'),(451,'Phyllis','Morrison','pmorrisonci@instagram.com','Female','5'),(452,'Dorothy','Armstrong','darmstrongcj@topsy.com','Female','5'),(453,'Amy','Young','ayoungck@abc.net.au','Female','9'),(454,'Adam','Hayes','ahayescl@soup.io','Male','6'),(455,'Judith','Bishop','jbishopcm@taobao.com','Female','9'),(456,'Michael','Smith','msmithcn@amazon.com','Male','9'),(457,'Deborah','Warren','dwarrenco@nifty.com','Female','1'),(458,'Aaron','Warren','awarrencp@example.com','Male','6'),(459,'Larry','Reynolds','lreynoldscq@dagondesign.com','Male','4'),(460,'Amy','Burns','aburnscr@wix.com','Female','8'),(461,'William','Cruz','wcruzcs@histats.com','Male','7'),(462,'Earl','Ford','efordct@istockphoto.com','Male','1'),(463,'Barbara','Richardson','brichardsoncu@t.co','Female','5'),(464,'Jacqueline','Mccoy','jmccoycv@hostgator.com','Female','6'),(465,'Bruce','Fernandez','bfernandezcw@woothemes.com','Male','3'),(466,'Daniel','Torres','dtorrescx@wordpress.com','Male','4'),(467,'Johnny','Howard','jhowardcy@foxnews.com','Male','7'),(468,'Ruth','Ortiz','rortizcz@yahoo.co.jp','Female','6'),(469,'Frank','Chavez','fchavezd0@jigsy.com','Male','7'),(470,'Joshua','Ryan','jryand1@odnoklassniki.ru','Male','9'),(471,'Janet','Bryant','jbryantd2@youtu.be','Female','7'),(472,'Judith','Montgomery','jmontgomeryd3@wikispaces.com','Female','1'),(473,'Christina','Dixon','cdixond4@tumblr.com','Female','3'),(474,'Rebecca','Murray','rmurrayd5@ning.com','Female','2'),(475,'Russell','Dunn','rdunnd6@buzzfeed.com','Male','7'),(476,'Alice','Green','agreend7@odnoklassniki.ru','Female','6'),(477,'Douglas','Payne','dpayned8@state.gov','Male','4'),(478,'Lillian','Bishop','lbishopd9@uiuc.edu','Female','6'),(479,'Maria','Olson','molsonda@meetup.com','Female','3'),(480,'Margaret','Webb','mwebbdb@mit.edu','Female','7'),(481,'Jerry','Patterson','jpattersondc@webmd.com','Male','4'),(482,'Lori','Holmes','lholmesdd@home.pl','Female','8'),(483,'Elizabeth','Morales','emoralesde@symantec.com','Female','2'),(484,'Diane','Matthews','dmatthewsdf@census.gov','Female','8'),(485,'Harry','Richardson','hrichardsondg@ow.ly','Male','6'),(486,'Randy','Berry','rberrydh@jimdo.com','Male','1'),(487,'Heather','Willis','hwillisdi@cdbaby.com','Female','5'),(488,'Larry','Dixon','ldixondj@topsy.com','Male','9'),(489,'Evelyn','Walker','ewalkerdk@china.com.cn','Female','5'),(490,'Julie','Butler','jbutlerdl@hatena.ne.jp','Female','7'),(491,'Jeffrey','Gardner','jgardnerdm@earthlink.net','Male','9'),(492,'Rose','Bailey','rbaileydn@hibu.com','Female','1'),(493,'Marilyn','Hernandez','mhernandezdo@altervista.org','Female','9'),(494,'Christine','Burke','cburkedp@photobucket.com','Female','8'),(495,'Jessica','Jackson','jjacksondq@google.com.hk','Female','8'),(496,'Randy','Spencer','rspencerdr@ning.com','Male','2'),(497,'Brandon','George','bgeorgeds@bigcartel.com','Male','9'),(498,'Stephanie','Weaver','sweaverdt@xinhuanet.com','Female','8'),(499,'Peter','Graham','pgrahamdu@cbsnews.com','Male','2'),(500,'Mark','Harris','mharrisdv@ask.com','Male','8'),(501,'Jeremy','Miller','jmillerdw@ocn.ne.jp','Male','5'),(502,'Donald','Schmidt','dschmidtdx@geocities.com','Male','8'),(503,'Beverly','Carpenter','bcarpenterdy@hc360.com','Female','5'),(504,'Eugene','Moore','emooredz@cbslocal.com','Male','9'),(505,'Frances','Crawford','fcrawforde0@rakuten.co.jp','Female','1'),(506,'Todd','Gonzales','tgonzalese1@exblog.jp','Male','7'),(507,'Paula','Sanders','psanderse2@ycombinator.com','Female','7'),(508,'Marilyn','Jackson','mjacksone3@digg.com','Female','5'),(509,'Evelyn','Scott','escotte4@goo.ne.jp','Female','7'),(510,'Paula','Peterson','ppetersone5@springer.com','Female','6'),(511,'Alan','Parker','aparkere6@histats.com','Male','4'),(512,'Keith','Wheeler','kwheelere7@dot.gov','Male','8'),(513,'Tina','Parker','tparkere8@utexas.edu','Female','5'),(514,'Louise','Bowman','lbowmane9@comsenz.com','Female','6'),(515,'Amanda','Green','agreenea@blogs.com','Female','7'),(516,'Patricia','Perry','pperryeb@google.com.hk','Female','1'),(517,'Gary','Bennett','gbennettec@marketwatch.com','Male','6'),(518,'Sharon','Hall','shalled@who.int','Female','9'),(519,'Laura','Jenkins','ljenkinsee@wikimedia.org','Female','3'),(520,'Kenneth','Brooks','kbrooksef@spotify.com','Male','7'),(521,'Julie','White','jwhiteeg@miibeian.gov.cn','Female','4'),(522,'Keith','Green','kgreeneh@wisc.edu','Male','2'),(523,'Jason','Rodriguez','jrodriguezei@blogspot.com','Male','1'),(524,'Sara','Gibson','sgibsonej@theguardian.com','Female','4'),(525,'Albert','Greene','agreeneek@trellian.com','Male','6'),(526,'John','George','jgeorgeel@dailymail.co.uk','Male','8'),(527,'Theresa','Carter','tcarterem@ycombinator.com','Female','9'),(528,'Carlos','Stanley','cstanleyen@omniture.com','Male','8'),(529,'Eric','Long','elongeo@weather.com','Male','1'),(530,'Janice','Murray','jmurrayep@home.pl','Female','9'),(531,'Louis','Oliver','lolivereq@npr.org','Male','6'),(532,'Jessica','Hamilton','jhamiltoner@themeforest.net','Female','8'),(533,'Judy','Warren','jwarrenes@comcast.net','Female','1'),(534,'Eric','Morris','emorriset@w3.org','Male','5'),(535,'Margaret','Ryan','mryaneu@reverbnation.com','Female','4'),(536,'Jeremy','Reyes','jreyesev@wikimedia.org','Male','3'),(537,'Douglas','Smith','dsmithew@chronoengine.com','Male','2'),(538,'Carl','Perry','cperryex@guardian.co.uk','Male','5'),(539,'Irene','Simmons','isimmonsey@tripadvisor.com','Female','7'),(540,'Anthony','Rose','aroseez@cloudflare.com','Male','4'),(541,'Annie','Hayes','ahayesf0@amazon.de','Female','7'),(542,'Diana','Stevens','dstevensf1@nbcnews.com','Female','5'),(543,'Brian','Evans','bevansf2@nasa.gov','Male','3'),(544,'Kelly','Brooks','kbrooksf3@hud.gov','Female','4'),(545,'Christopher','Parker','cparkerf4@virginia.edu','Male','9'),(546,'James','Griffin','jgriffinf5@com.com','Male','8'),(547,'Diane','Hunter','dhunterf6@intel.com','Female','7'),(548,'Sean','Lane','slanef7@engadget.com','Male','5'),(549,'Billy','Boyd','bboydf8@arizona.edu','Male','6'),(550,'Earl','Mendoza','emendozaf9@msu.edu','Male','5'),(551,'Frank','Thompson','fthompsonfa@irs.gov','Male','2'),(552,'Kathryn','Porter','kporterfb@newyorker.com','Female','6'),(553,'Rose','Hill','rhillfc@liveinternet.ru','Female','5'),(554,'Richard','Banks','rbanksfd@xing.com','Male','4'),(555,'Phillip','Davis','pdavisfe@example.com','Male','7'),(556,'Harry','Jones','hjonesff@yale.edu','Male','3'),(557,'Linda','Kelly','lkellyfg@mail.ru','Female','8'),(558,'Lawrence','Arnold','larnoldfh@jalbum.net','Male','5'),(559,'Benjamin','Marshall','bmarshallfi@photobucket.com','Male','9'),(560,'Barbara','Thompson','bthompsonfj@constantcontact.com','Female','5'),(561,'Jennifer','Carpenter','jcarpenterfk@naver.com','Female','3'),(562,'Jonathan','Medina','jmedinafl@t-online.de','Male','6'),(563,'Judy','Hart','jhartfm@cbsnews.com','Female','3'),(564,'Paula','Reynolds','preynoldsfn@example.com','Female','2'),(565,'Annie','Black','ablackfo@simplemachines.org','Female','8'),(566,'Billy','Hanson','bhansonfp@scribd.com','Male','6'),(567,'Norma','Dixon','ndixonfq@google.ru','Female','8'),(568,'Frances','Hall','fhallfr@chronoengine.com','Female','9'),(569,'Irene','Peterson','ipetersonfs@rakuten.co.jp','Female','3'),(570,'Tammy','Moore','tmooreft@imdb.com','Female','4'),(571,'Charles','Russell','crussellfu@comsenz.com','Male','4'),(572,'Gary','Stone','gstonefv@time.com','Male','8'),(573,'Harold','Gutierrez','hgutierrezfw@abc.net.au','Male','7'),(574,'Jesse','Lopez','jlopezfx@eventbrite.com','Male','3'),(575,'Elizabeth','Allen','eallenfy@flickr.com','Female','6'),(576,'Cheryl','Jordan','cjordanfz@prlog.org','Female','1'),(577,'Paula','Moreno','pmorenog0@cdbaby.com','Female','6'),(578,'Harry','Bailey','hbaileyg1@wordpress.org','Male','5'),(579,'Harry','Chavez','hchavezg2@storify.com','Male','2'),(580,'Christopher','Hamilton','chamiltong3@accuweather.com','Male','5'),(581,'Raymond','Hanson','rhansong4@mac.com','Male','9'),(582,'Russell','Black','rblackg5@unesco.org','Male','6'),(583,'Angela','Dean','adeang6@instagram.com','Female','5'),(584,'Maria','Porter','mporterg7@bandcamp.com','Female','1'),(585,'Theresa','Alexander','talexanderg8@ted.com','Female','4'),(586,'Johnny','Montgomery','jmontgomeryg9@bbb.org','Male','2'),(587,'Sara','Wagner','swagnerga@boston.com','Female','9'),(588,'Douglas','Fisher','dfishergb@wikia.com','Male','3'),(589,'Katherine','Schmidt','kschmidtgc@last.fm','Female','8'),(590,'Jeffrey','Jenkins','jjenkinsgd@army.mil','Male','9'),(591,'Alan','Stanley','astanleyge@infoseek.co.jp','Male','7'),(592,'Michael','Andrews','mandrewsgf@1und1.de','Male','7'),(593,'Philip','Gilbert','pgilbertgg@dailymotion.com','Male','7'),(594,'Samuel','Garrett','sgarrettgh@answers.com','Male','2'),(595,'Robert','Little','rlittlegi@jiathis.com','Male','5'),(596,'Peter','Burke','pburkegj@bloglovin.com','Male','1'),(597,'Patrick','Dixon','pdixongk@apple.com','Male','1'),(598,'Paula','Daniels','pdanielsgl@tumblr.com','Female','8'),(599,'Judith','Reid','jreidgm@dion.ne.jp','Female','3'),(600,'Raymond','Wheeler','rwheelergn@sakura.ne.jp','Male','2'),(601,'Theresa','Fernandez','tfernandezgo@walmart.com','Female','6'),(602,'Craig','Richardson','crichardsongp@jugem.jp','Male','3'),(603,'Henry','Reyes','hreyesgq@epa.gov','Male','8'),(604,'Joseph','Carroll','jcarrollgr@cloudflare.com','Male','8'),(605,'Justin','Austin','jaustings@mit.edu','Male','9'),(606,'Alice','White','awhitegt@ucla.edu','Female','1'),(607,'Harry','Wilson','hwilsongu@microsoft.com','Male','2'),(608,'Patrick','Williamson','pwilliamsongv@ca.gov','Male','2'),(609,'Annie','Flores','afloresgw@sogou.com','Female','2'),(610,'Roy','Banks','rbanksgx@dagondesign.com','Male','7'),(611,'Lisa','White','lwhitegy@flickr.com','Female','7'),(612,'Harry','Meyer','hmeyergz@istockphoto.com','Male','6'),(613,'Justin','Wallace','jwallaceh0@ted.com','Male','5'),(614,'Sean','Campbell','scampbellh1@naver.com','Male','2'),(615,'Linda','Nichols','lnicholsh2@sourceforge.net','Female','5'),(616,'David','Austin','daustinh3@nba.com','Male','2'),(617,'Alice','Fowler','afowlerh4@weibo.com','Female','1'),(618,'Joyce','Armstrong','jarmstrongh5@csmonitor.com','Female','3'),(619,'Virginia','Richards','vrichardsh6@upenn.edu','Female','1'),(620,'Wanda','Flores','wfloresh7@goo.ne.jp','Female','7'),(621,'Donna','Hall','dhallh8@mediafire.com','Female','8'),(622,'Kenneth','Thompson','kthompsonh9@prlog.org','Male','4'),(623,'Rebecca','Willis','rwillisha@java.com','Female','9'),(624,'Albert','Franklin','afranklinhb@com.com','Male','9'),(625,'Kenneth','Bowman','kbowmanhc@guardian.co.uk','Male','2'),(626,'Bruce','Garza','bgarzahd@miibeian.gov.cn','Male','5'),(627,'Lawrence','Banks','lbankshe@fastcompany.com','Male','2'),(628,'Cheryl','Edwards','cedwardshf@umn.edu','Female','4'),(629,'Jennifer','Cooper','jcooperhg@illinois.edu','Female','2'),(630,'Angela','Chavez','achavezhh@topsy.com','Female','5'),(631,'Martha','Holmes','mholmeshi@sfgate.com','Female','4'),(632,'Tammy','Alexander','talexanderhj@cargocollective.com','Female','8'),(633,'Steve','Sanchez','ssanchezhk@alexa.com','Male','7'),(634,'Jennifer','Welch','jwelchhl@utexas.edu','Female','8'),(635,'Steve','Butler','sbutlerhm@bizjournals.com','Male','6'),(636,'Sarah','Duncan','sduncanhn@google.es','Female','5'),(637,'Ryan','Flores','rfloresho@va.gov','Male','8'),(638,'Carlos','Lewis','clewishp@linkedin.com','Male','1'),(639,'Christine','Butler','cbutlerhq@icio.us','Female','2'),(640,'Philip','Morales','pmoraleshr@jalbum.net','Male','8'),(641,'Debra','Williamson','dwilliamsonhs@auda.org.au','Female','3'),(642,'Henry','Hunt','hhuntht@phoca.cz','Male','4'),(643,'Jeffrey','Collins','jcollinshu@msn.com','Male','2'),(644,'Maria','Mitchell','mmitchellhv@ca.gov','Female','6'),(645,'Carol','Barnes','cbarneshw@wired.com','Female','4'),(646,'Peter','Green','pgreenhx@prlog.org','Male','4'),(647,'Steven','Freeman','sfreemanhy@google.cn','Male','5'),(648,'Philip','Gordon','pgordonhz@xing.com','Male','9'),(649,'Terry','Montgomery','tmontgomeryi0@issuu.com','Male','7'),(650,'Melissa','Cook','mcooki1@jugem.jp','Female','8'),(651,'Victor','Olson','volsoni2@issuu.com','Male','5'),(652,'Anna','Torres','atorresi3@networkadvertising.org','Female','2'),(653,'Beverly','Wheeler','bwheeleri4@arizona.edu','Female','1'),(654,'Marilyn','Crawford','mcrawfordi5@nasa.gov','Female','8'),(655,'Samuel','Wright','swrighti6@yelp.com','Male','8'),(656,'Elizabeth','Ryan','eryani7@com.com','Female','3'),(657,'Doris','Cooper','dcooperi8@businesswire.com','Female','4'),(658,'Joseph','Reynolds','jreynoldsi9@illinois.edu','Male','8'),(659,'Dorothy','Gomez','dgomezia@unc.edu','Female','6'),(660,'Teresa','Day','tdayib@vk.com','Female','5'),(661,'Joan','Reed','jreedic@fastcompany.com','Female','9'),(662,'Scott','Scott','sscottid@unesco.org','Male','7'),(663,'Stephen','Duncan','sduncanie@php.net','Male','7'),(664,'Stephen','Stanley','sstanleyif@moonfruit.com','Male','1'),(665,'Cheryl','Oliver','coliverig@sogou.com','Female','4'),(666,'Roy','Armstrong','rarmstrongih@bing.com','Male','2'),(667,'Amy','Alexander','aalexanderii@hostgator.com','Female','1'),(668,'Timothy','Burton','tburtonij@cornell.edu','Male','7'),(669,'Kathy','Welch','kwelchik@skype.com','Female','3'),(670,'Christine','Gonzales','cgonzalesil@squarespace.com','Female','9'),(671,'Ernest','Hayes','ehayesim@uiuc.edu','Male','4'),(672,'Jason','Hawkins','jhawkinsin@wix.com','Male','3'),(673,'Lawrence','Cole','lcoleio@sina.com.cn','Male','1'),(674,'Randy','Allen','rallenip@amazon.co.uk','Male','6'),(675,'Robin','Turner','rturneriq@ucsd.edu','Female','2'),(676,'Juan','Stewart','jstewartir@yellowbook.com','Male','8'),(677,'Juan','Bradley','jbradleyis@example.com','Male','8'),(678,'Terry','Russell','trussellit@stumbleupon.com','Male','8'),(679,'Helen','Washington','hwashingtoniu@eventbrite.com','Female','8'),(680,'Anthony','Jackson','ajacksoniv@microsoft.com','Male','1'),(681,'Melissa','Webb','mwebbiw@state.tx.us','Female','9'),(682,'Wayne','Cole','wcoleix@accuweather.com','Male','3'),(683,'Jack','Taylor','jtayloriy@webs.com','Male','5'),(684,'Patricia','Morgan','pmorganiz@sina.com.cn','Female','8'),(685,'Joe','Andrews','jandrewsj0@huffingtonpost.com','Male','8'),(686,'Theresa','Reynolds','treynoldsj1@disqus.com','Female','8'),(687,'Arthur','Graham','agrahamj2@mozilla.org','Male','1'),(688,'Christopher','Hunter','chunterj3@msn.com','Male','8'),(689,'Peter','Cooper','pcooperj4@technorati.com','Male','6'),(690,'Ryan','Greene','rgreenej5@umich.edu','Male','4'),(691,'Diane','Bennett','dbennettj6@pcworld.com','Female','3'),(692,'Wanda','Marshall','wmarshallj7@barnesandnoble.com','Female','4'),(693,'Mark','Dean','mdeanj8@imageshack.us','Male','8'),(694,'Helen','Henderson','hhendersonj9@1688.com','Female','8'),(695,'Howard','Rivera','hriveraja@wsj.com','Male','8'),(696,'Joyce','Smith','jsmithjb@craigslist.org','Female','9'),(697,'Gloria','Henry','ghenryjc@pinterest.com','Female','2'),(698,'Steve','Rodriguez','srodriguezjd@bigcartel.com','Male','1'),(699,'Raymond','Hayes','rhayesje@hud.gov','Male','7'),(700,'Matthew','Stevens','mstevensjf@discovery.com','Male','8'),(701,'Denise','Perry','dperryjg@pinterest.com','Female','9'),(702,'Jane','Murray','jmurrayjh@nsw.gov.au','Female','5'),(703,'Ronald','Murray','rmurrayji@imageshack.us','Male','4'),(704,'Chris','Martinez','cmartinezjj@cbc.ca','Male','6'),(705,'Michael','Reed','mreedjk@miitbeian.gov.cn','Male','8'),(706,'Louis','Fields','lfieldsjl@wiley.com','Male','8'),(707,'Sarah','Wilson','swilsonjm@smh.com.au','Female','9'),(708,'Diana','Harrison','dharrisonjn@aol.com','Female','9'),(709,'Andrew','Ferguson','afergusonjo@shop-pro.jp','Male','6'),(710,'Andrea','Mccoy','amccoyjp@huffingtonpost.com','Female','8'),(711,'Billy','Howell','bhowelljq@bbb.org','Male','1'),(712,'Fred','Burns','fburnsjr@addthis.com','Male','9'),(713,'Marilyn','Peters','mpetersjs@umn.edu','Female','2'),(714,'Sara','Murray','smurrayjt@mozilla.com','Female','3'),(715,'Evelyn','Bowman','ebowmanju@desdev.cn','Female','1'),(716,'Terry','Long','tlongjv@arizona.edu','Male','9'),(717,'Robin','Peters','rpetersjw@pbs.org','Female','3'),(718,'Victor','Wilson','vwilsonjx@technorati.com','Male','3'),(719,'Gerald','Watson','gwatsonjy@technorati.com','Male','1'),(720,'Annie','Tucker','atuckerjz@tuttocitta.it','Female','4'),(721,'Brenda','Holmes','bholmesk0@networksolutions.com','Female','3'),(722,'Terry','Schmidt','tschmidtk1@nationalgeographic.com','Male','4'),(723,'William','Grant','wgrantk2@yelp.com','Male','4'),(724,'Melissa','Holmes','mholmesk3@addtoany.com','Female','1'),(725,'Douglas','Gibson','dgibsonk4@boston.com','Male','1'),(726,'Amy','Cooper','acooperk5@toplist.cz','Female','4'),(727,'Ronald','Wood','rwoodk6@npr.org','Male','2'),(728,'Scott','Perez','sperezk7@wikia.com','Male','7'),(729,'Brenda','Myers','bmyersk8@wiley.com','Female','6'),(730,'Joan','Bishop','jbishopk9@smh.com.au','Female','1'),(731,'Frances','James','fjameska@meetup.com','Female','2'),(732,'Bonnie','Reid','breidkb@techcrunch.com','Female','2'),(733,'Sean','Mills','smillskc@phoca.cz','Male','8'),(734,'Carl','Stephens','cstephenskd@marketwatch.com','Male','5'),(735,'Jerry','Matthews','jmatthewske@furl.net','Male','8'),(736,'Roger','Gutierrez','rgutierrezkf@zdnet.com','Male','9'),(737,'Maria','Mcdonald','mmcdonaldkg@nps.gov','Female','5'),(738,'Ann','Wagner','awagnerkh@usnews.com','Female','4'),(739,'Adam','Collins','acollinski@squidoo.com','Male','9'),(740,'William','Jenkins','wjenkinskj@huffingtonpost.com','Male','3'),(741,'Frances','Perry','fperrykk@si.edu','Female','4'),(742,'Willie','Jacobs','wjacobskl@amazon.de','Male','2'),(743,'Maria','Cook','mcookkm@alibaba.com','Female','1'),(744,'Carlos','Hawkins','chawkinskn@newsvine.com','Male','6'),(745,'Harold','Stewart','hstewartko@printfriendly.com','Male','8'),(746,'Patricia','Price','ppricekp@skyrock.com','Female','8'),(747,'William','Austin','waustinkq@google.co.jp','Male','8'),(748,'Sandra','Murray','smurraykr@princeton.edu','Female','9'),(749,'Gerald','Mendoza','gmendozaks@hao123.com','Male','4'),(750,'Donald','Patterson','dpattersonkt@wufoo.com','Male','5'),(751,'Joseph','Richards','jrichardsku@cnet.com','Male','3'),(752,'Maria','Spencer','mspencerkv@unblog.fr','Female','6'),(753,'Andrea','Hamilton','ahamiltonkw@yahoo.com','Female','1'),(754,'Joseph','Lane','jlanekx@usgs.gov','Male','9'),(755,'Edward','Hamilton','ehamiltonky@time.com','Male','7'),(756,'Betty','Meyer','bmeyerkz@dell.com','Female','2'),(757,'Stephen','Green','sgreenl0@mozilla.org','Male','5'),(758,'Craig','Stone','cstonel1@imageshack.us','Male','7'),(759,'Sharon','Webb','swebbl2@harvard.edu','Female','3'),(760,'Lisa','Harris','lharrisl3@smh.com.au','Female','4'),(761,'Raymond','Stone','rstonel4@bluehost.com','Male','8'),(762,'Catherine','Lawson','clawsonl5@berkeley.edu','Female','1'),(763,'Clarence','Schmidt','cschmidtl6@rediff.com','Male','3'),(764,'Jacqueline','Baker','jbakerl7@mlb.com','Female','3'),(765,'Justin','Matthews','jmatthewsl8@time.com','Male','1'),(766,'Amanda','Griffin','agriffinl9@tripadvisor.com','Female','8'),(767,'Sara','Diaz','sdiazla@blogtalkradio.com','Female','8'),(768,'Sharon','Garcia','sgarcialb@bing.com','Female','8'),(769,'Anthony','Dixon','adixonlc@guardian.co.uk','Male','6'),(770,'Anthony','Crawford','acrawfordld@blog.com','Male','8'),(771,'Brian','Baker','bbakerle@dion.ne.jp','Male','3'),(772,'Martin','Gilbert','mgilbertlf@a8.net','Male','9'),(773,'Robert','White','rwhitelg@si.edu','Male','8'),(774,'Patrick','Myers','pmyerslh@statcounter.com','Male','4'),(775,'Jason','Hernandez','jhernandezli@freewebs.com','Male','9'),(776,'Kevin','Mendoza','kmendozalj@tamu.edu','Male','8'),(777,'Alan','Howard','ahowardlk@theguardian.com','Male','8'),(778,'Wayne','Marshall','wmarshallll@godaddy.com','Male','1'),(779,'Anne','Mitchell','amitchelllm@adobe.com','Female','2'),(780,'Antonio','Kelly','akellyln@alexa.com','Male','8'),(781,'Catherine','Diaz','cdiazlo@archive.org','Female','6'),(782,'Irene','Carter','icarterlp@cbslocal.com','Female','2'),(783,'Scott','Myers','smyerslq@behance.net','Male','3'),(784,'Irene','Long','ilonglr@amazon.co.uk','Female','7'),(785,'Ruby','Anderson','randersonls@usatoday.com','Female','1'),(786,'Kelly','Smith','ksmithlt@globo.com','Female','7'),(787,'Andrew','Elliott','aelliottlu@addtoany.com','Male','7'),(788,'Matthew','Rogers','mrogerslv@mapy.cz','Male','1'),(789,'Terry','Chavez','tchavezlw@1688.com','Male','5'),(790,'Sharon','Griffin','sgriffinlx@ycombinator.com','Female','7'),(791,'Jonathan','Ford','jfordly@spotify.com','Male','4'),(792,'Doris','Roberts','drobertslz@miitbeian.gov.cn','Female','2'),(793,'Ashley','Harvey','aharveym0@hc360.com','Female','8'),(794,'Cynthia','Matthews','cmatthewsm1@skyrock.com','Female','6'),(795,'David','Gonzales','dgonzalesm2@gmpg.org','Male','3'),(796,'Brandon','Barnes','bbarnesm3@lycos.com','Male','6'),(797,'Walter','Palmer','wpalmerm4@moonfruit.com','Male','5'),(798,'Marilyn','Kennedy','mkennedym5@uol.com.br','Female','8'),(799,'Ronald','Ferguson','rfergusonm6@dell.com','Male','6'),(800,'Sharon','Martin','smartinm7@icq.com','Female','2'),(801,'Mary','Shaw','mshawm8@4shared.com','Female','5'),(802,'Patricia','Garcia','pgarciam9@loc.gov','Female','9'),(803,'Debra','Bishop','dbishopma@hubpages.com','Female','7'),(804,'Jason','Griffin','jgriffinmb@nature.com','Male','9'),(805,'Heather','Webb','hwebbmc@alexa.com','Female','9'),(806,'David','Morrison','dmorrisonmd@chronoengine.com','Male','9'),(807,'Doris','Wheeler','dwheelerme@networksolutions.com','Female','3'),(808,'Ann','Welch','awelchmf@ebay.com','Female','2'),(809,'Bruce','Carr','bcarrmg@wordpress.org','Male','9'),(810,'Eugene','Bowman','ebowmanmh@stumbleupon.com','Male','7'),(811,'Adam','Martin','amartinmi@blogger.com','Male','4'),(812,'Beverly','Armstrong','barmstrongmj@com.com','Female','2'),(813,'Edward','Morrison','emorrisonmk@chicagotribune.com','Male','2'),(814,'Julia','Richardson','jrichardsonml@nba.com','Female','7'),(815,'Nancy','Mills','nmillsmm@mail.ru','Female','7'),(816,'Amanda','Wood','awoodmn@phpbb.com','Female','4'),(817,'Sandra','Rodriguez','srodriguezmo@mozilla.com','Female','2'),(818,'Teresa','Murphy','tmurphymp@comsenz.com','Female','9'),(819,'Jose','Reed','jreedmq@imageshack.us','Male','8'),(820,'Walter','Parker','wparkermr@bloomberg.com','Male','4'),(821,'Jesse','Garza','jgarzams@opera.com','Male','8'),(822,'Rebecca','Reynolds','rreynoldsmt@virginia.edu','Female','3'),(823,'Nicholas','Martinez','nmartinezmu@about.me','Male','7'),(824,'Ashley','Martin','amartinmv@yolasite.com','Female','4'),(825,'Steven','Martinez','smartinezmw@patch.com','Male','8'),(826,'Albert','Woods','awoodsmx@nih.gov','Male','7'),(827,'Donna','Black','dblackmy@unblog.fr','Female','7'),(828,'Shirley','Fields','sfieldsmz@businesswire.com','Female','6'),(829,'Bobby','Turner','bturnern0@desdev.cn','Male','1'),(830,'Debra','Hart','dhartn1@ed.gov','Female','5'),(831,'Patricia','Graham','pgrahamn2@mlb.com','Female','2'),(832,'Catherine','Thomas','cthomasn3@weather.com','Female','3'),(833,'Walter','Sanders','wsandersn4@pen.io','Male','8'),(834,'Mildred','Freeman','mfreemann5@google.nl','Female','1'),(835,'Arthur','Hamilton','ahamiltonn6@typepad.com','Male','2'),(836,'Jessica','Ford','jfordn7@clickbank.net','Female','4'),(837,'Phyllis','Diaz','pdiazn8@artisteer.com','Female','4'),(838,'Russell','Gonzales','rgonzalesn9@networksolutions.com','Male','3'),(839,'Karen','Schmidt','kschmidtna@walmart.com','Female','7'),(840,'Margaret','Adams','madamsnb@sohu.com','Female','4'),(841,'Mark','Morales','mmoralesnc@amazon.com','Male','9'),(842,'Billy','Harper','bharpernd@unicef.org','Male','8'),(843,'Rose','Brown','rbrownne@instagram.com','Female','8'),(844,'Jesse','Bradley','jbradleynf@amazon.co.uk','Male','6'),(845,'Samuel','Schmidt','sschmidtng@indiatimes.com','Male','5'),(846,'Roger','Spencer','rspencernh@nifty.com','Male','5'),(847,'Steven','Perkins','sperkinsni@bloglovin.com','Male','5'),(848,'Gregory','Jordan','gjordannj@sourceforge.net','Male','5'),(849,'Dorothy','Meyer','dmeyernk@taobao.com','Female','1'),(850,'Theresa','Meyer','tmeyernl@t.co','Female','8'),(851,'Annie','Reid','areidnm@behance.net','Female','5'),(852,'Douglas','Lopez','dlopeznn@fda.gov','Male','2'),(853,'Bruce','Medina','bmedinano@shutterfly.com','Male','4'),(854,'Keith','Ramirez','kramireznp@tinyurl.com','Male','2'),(855,'Annie','Greene','agreenenq@bluehost.com','Female','3'),(856,'Sean','Stephens','sstephensnr@chicagotribune.com','Male','4'),(857,'Lawrence','Hernandez','lhernandezns@meetup.com','Male','4'),(858,'Jose','Wright','jwrightnt@microsoft.com','Male','6'),(859,'Arthur','Carpenter','acarpenternu@odnoklassniki.ru','Male','1'),(860,'Patricia','Hayes','phayesnv@gov.uk','Female','6'),(861,'Fred','Baker','fbakernw@oaic.gov.au','Male','9'),(862,'Margaret','Carpenter','mcarpenternx@51.la','Female','7'),(863,'Joseph','Baker','jbakerny@discuz.net','Male','7'),(864,'Gloria','Foster','gfosternz@reuters.com','Female','4'),(865,'Charles','Fox','cfoxo0@yandex.ru','Male','7'),(866,'Janet','Kim','jkimo1@amazon.co.uk','Female','8'),(867,'Carlos','Martin','cmartino2@china.com.cn','Male','4'),(868,'Larry','Dunn','ldunno3@skype.com','Male','1'),(869,'James','Hart','jharto4@mac.com','Male','1'),(870,'Russell','Rose','rroseo5@wix.com','Male','3'),(871,'Eric','West','ewesto6@addtoany.com','Male','4'),(872,'Lois','Cole','lcoleo7@flavors.me','Female','8'),(873,'Eugene','Carpenter','ecarpentero8@nifty.com','Male','9'),(874,'Katherine','Martin','kmartino9@comsenz.com','Female','3'),(875,'Gerald','Grant','ggrantoa@taobao.com','Male','7'),(876,'Annie','Stanley','astanleyob@utexas.edu','Female','6'),(877,'Paula','Morrison','pmorrisonoc@nih.gov','Female','7'),(878,'Jean','Edwards','jedwardsod@unesco.org','Female','8'),(879,'Joseph','Henderson','jhendersonoe@mac.com','Male','5'),(880,'Clarence','Ruiz','cruizof@house.gov','Male','7'),(881,'Mildred','Banks','mbanksog@i2i.jp','Female','5'),(882,'Walter','Williams','wwilliamsoh@purevolume.com','Male','7'),(883,'Helen','Price','hpriceoi@dell.com','Female','1'),(884,'Anne','Palmer','apalmeroj@salon.com','Female','1'),(885,'Amy','Woods','awoodsok@forbes.com','Female','7'),(886,'Jessica','Reid','jreidol@mapy.cz','Female','4'),(887,'Victor','Campbell','vcampbellom@microsoft.com','Male','5'),(888,'Adam','Edwards','aedwardson@npr.org','Male','8'),(889,'Kenneth','Turner','kturneroo@elpais.com','Male','4'),(890,'Matthew','Fisher','mfisherop@redcross.org','Male','5'),(891,'Willie','Miller','wmilleroq@phoca.cz','Male','5'),(892,'Daniel','Payne','dpayneor@parallels.com','Male','5'),(893,'Laura','Willis','lwillisos@bizjournals.com','Female','4'),(894,'Douglas','Jackson','djacksonot@bluehost.com','Male','9'),(895,'Billy','Daniels','bdanielsou@dagondesign.com','Male','9'),(896,'Andrea','Jacobs','ajacobsov@w3.org','Female','8'),(897,'Evelyn','Brown','ebrownow@tinypic.com','Female','5'),(898,'Steven','Richardson','srichardsonox@hao123.com','Male','3'),(899,'Jean','Ramos','jramosoy@apple.com','Female','6'),(900,'Juan','Smith','jsmithoz@nhs.uk','Male','5'),(901,'Brenda','Ford','bfordp0@ifeng.com','Female','2'),(902,'Gerald','Gray','ggrayp1@sphinn.com','Male','4'),(903,'Diane','Price','dpricep2@printfriendly.com','Female','5'),(904,'Louis','Sims','lsimsp3@zimbio.com','Male','9'),(905,'Denise','Long','dlongp4@biblegateway.com','Female','2'),(906,'Judy','Hunter','jhunterp5@aboutads.info','Female','1'),(907,'Jesse','Fields','jfieldsp6@friendfeed.com','Male','1'),(908,'Joseph','Riley','jrileyp7@ucsd.edu','Male','3'),(909,'Joe','Oliver','joliverp8@ted.com','Male','4'),(910,'Beverly','Crawford','bcrawfordp9@un.org','Female','8'),(911,'Scott','Long','slongpa@cnet.com','Male','8'),(912,'Adam','Jacobs','ajacobspb@drupal.org','Male','2'),(913,'Jean','Adams','jadamspc@craigslist.org','Female','5'),(914,'Craig','Bell','cbellpd@ustream.tv','Male','3'),(915,'Tammy','Wilson','twilsonpe@instagram.com','Female','4'),(916,'Helen','Murphy','hmurphypf@bloglovin.com','Female','4'),(917,'Albert','Bishop','abishoppg@pcworld.com','Male','6'),(918,'Judith','Gomez','jgomezph@cbc.ca','Female','3'),(919,'Tina','Martinez','tmartinezpi@reuters.com','Female','5'),(920,'Wanda','Lewis','wlewispj@wisc.edu','Female','5'),(921,'Harold','Riley','hrileypk@foxnews.com','Male','1'),(922,'Patrick','Ford','pfordpl@csmonitor.com','Male','8'),(923,'Donald','Crawford','dcrawfordpm@goo.gl','Male','1'),(924,'Todd','Stewart','tstewartpn@bloglovin.com','Male','2'),(925,'Harry','Lewis','hlewispo@time.com','Male','4'),(926,'Lisa','Davis','ldavispp@networksolutions.com','Female','6'),(927,'Christina','Parker','cparkerpq@techcrunch.com','Female','2'),(928,'Sean','Rose','srosepr@bloomberg.com','Male','6'),(929,'Clarence','Harper','charperps@omniture.com','Male','5'),(930,'Philip','Boyd','pboydpt@oakley.com','Male','5'),(931,'Andrea','Gardner','agardnerpu@rambler.ru','Female','5'),(932,'Sandra','Pierce','spiercepv@chronoengine.com','Female','6'),(933,'Timothy','Jordan','tjordanpw@smugmug.com','Male','5'),(934,'Emily','King','ekingpx@sohu.com','Female','7'),(935,'Martha','Wagner','mwagnerpy@stumbleupon.com','Female','8'),(936,'Jose','Carroll','jcarrollpz@dailymail.co.uk','Male','8'),(937,'Anna','Griffin','agriffinq0@naver.com','Female','6'),(938,'Doris','Ramirez','dramirezq1@cdc.gov','Female','1'),(939,'Steven','Hill','shillq2@twitpic.com','Male','4'),(940,'Melissa','Elliott','melliottq3@ow.ly','Female','2'),(941,'Jeremy','Mccoy','jmccoyq4@thetimes.co.uk','Male','3'),(942,'Henry','Day','hdayq5@bing.com','Male','1'),(943,'James','Smith','jsmithq6@google.nl','Male','9'),(944,'Michael','Young','myoungq7@va.gov','Male','7'),(945,'Martin','Lawson','mlawsonq8@globo.com','Male','4'),(946,'Laura','Patterson','lpattersonq9@people.com.cn','Female','4'),(947,'Anne','Gomez','agomezqa@freewebs.com','Female','6'),(948,'Jonathan','Stevens','jstevensqb@hhs.gov','Male','8'),(949,'Sharon','Robertson','srobertsonqc@sohu.com','Female','3'),(950,'Margaret','Ryan','mryanqd@posterous.com','Female','9'),(951,'Bruce','Larson','blarsonqe@cmu.edu','Male','9'),(952,'Kelly','Smith','ksmithqf@usa.gov','Female','9'),(953,'Dennis','Hall','dhallqg@vimeo.com','Male','6'),(954,'Arthur','Cook','acookqh@ox.ac.uk','Male','9'),(955,'Linda','Weaver','lweaverqi@unicef.org','Female','9'),(956,'Anthony','Fox','afoxqj@ezinearticles.com','Male','3'),(957,'Shirley','Gibson','sgibsonqk@scientificamerican.com','Female','4'),(958,'Jerry','Black','jblackql@loc.gov','Male','1'),(959,'Ryan','Riley','rrileyqm@indiegogo.com','Male','5'),(960,'Teresa','Carr','tcarrqn@irs.gov','Female','4'),(961,'Russell','Barnes','rbarnesqo@time.com','Male','1'),(962,'Randy','Gardner','rgardnerqp@ucoz.com','Male','7'),(963,'Deborah','Mills','dmillsqq@webnode.com','Female','9'),(964,'Annie','Morales','amoralesqr@cnet.com','Female','9'),(965,'Johnny','Cooper','jcooperqs@aboutads.info','Male','2'),(966,'Ralph','Williamson','rwilliamsonqt@xing.com','Male','6'),(967,'Roy','Fox','rfoxqu@who.int','Male','7'),(968,'Scott','Meyer','smeyerqv@zimbio.com','Male','1'),(969,'Carol','Vasquez','cvasquezqw@cafepress.com','Female','2'),(970,'Thomas','Moore','tmooreqx@archive.org','Male','6'),(971,'Andrew','Ramos','aramosqy@ftc.gov','Male','5'),(972,'Carl','Carr','ccarrqz@alexa.com','Male','2'),(973,'Philip','Howard','phowardr0@sciencedirect.com','Male','4'),(974,'Kimberly','West','kwestr1@oracle.com','Female','8'),(975,'Scott','Dixon','sdixonr2@hc360.com','Male','7'),(976,'Antonio','Burke','aburker3@state.tx.us','Male','4'),(977,'Karen','Meyer','kmeyerr4@weather.com','Female','7'),(978,'Juan','Alvarez','jalvarezr5@shutterfly.com','Male','9'),(979,'Joyce','Davis','jdavisr6@time.com','Female','5'),(980,'Annie','Collins','acollinsr7@berkeley.edu','Female','4'),(981,'Jonathan','Jacobs','jjacobsr8@wix.com','Male','7'),(982,'Julia','Olson','jolsonr9@arstechnica.com','Female','6'),(983,'Phyllis','Baker','pbakerra@apache.org','Female','9'),(984,'Robert','Robinson','rrobinsonrb@tumblr.com','Male','7'),(985,'Norma','Gardner','ngardnerrc@howstuffworks.com','Female','3'),(986,'Christopher','Wright','cwrightrd@merriam-webster.com','Male','8'),(987,'Edward','Turner','eturnerre@eventbrite.com','Male','8'),(988,'Cheryl','Long','clongrf@yandex.ru','Female','4'),(989,'Lawrence','Gray','lgrayrg@list-manage.com','Male','3'),(990,'Jose','Williams','jwilliamsrh@free.fr','Male','9'),(991,'Anna','Meyer','ameyerri@360.cn','Female','2'),(992,'Christopher','Rogers','crogersrj@wsj.com','Male','8'),(993,'Fred','Kim','fkimrk@scribd.com','Male','7'),(994,'Alice','Carr','acarrrl@amazon.com','Female','8'),(995,'Heather','Marshall','hmarshallrm@flickr.com','Female','6'),(996,'Doris','Mcdonald','dmcdonaldrn@amazon.de','Female','4'),(997,'Angela','Rogers','arogersro@sphinn.com','Female','4'),(998,'Stephanie','Moreno','smorenorp@house.gov','Female','3'),(999,'Bruce','Mcdonald','bmcdonaldrq@google.pl','Male','6'),(1000,'Deborah','Hill','dhillrr@biglobe.ne.jp','Female','6');
/*!40000 ALTER TABLE `medewerker` ENABLE KEYS */;
UNLOCK TABLES;

--
-- Dumping events for database 'ntu'
--

--
-- Dumping routines for database 'ntu'
--
/*!40103 SET TIME_ZONE=@OLD_TIME_ZONE */;

/*!40101 SET SQL_MODE=@OLD_SQL_MODE */;
/*!40014 SET FOREIGN_KEY_CHECKS=@OLD_FOREIGN_KEY_CHECKS */;
/*!40014 SET UNIQUE_CHECKS=@OLD_UNIQUE_CHECKS */;
/*!40101 SET CHARACTER_SET_CLIENT=@OLD_CHARACTER_SET_CLIENT */;
/*!40101 SET CHARACTER_SET_RESULTS=@OLD_CHARACTER_SET_RESULTS */;
/*!40101 SET COLLATION_CONNECTION=@OLD_COLLATION_CONNECTION */;
/*!40111 SET SQL_NOTES=@OLD_SQL_NOTES */;

-- Dump completed on 2017-04-05 23:56:03
